pnt1,pnt2,pnt3,pnt4
[30.72720724570791, 114.21292096045308],[30.727427641177098, 114.21337341753217],[30.72733714976128, 114.21341749662601],[30.72711675429209, 114.21296503954692]
[30.727427641177098, 114.21337341753217],[30.727648036646286, 114.21382587461126],[30.727557545230468, 114.2138699537051],[30.72733714976128, 114.21341749662601]
[30.727648036646286, 114.21382587461126],[30.72786843211548, 114.21427833169035],[30.72777794069966, 114.21432241078419],[30.727557545230468, 114.2138699537051]
[30.72786843211548, 114.21427833169035],[30.728088827584667, 114.21473078876944],[30.72799833616885, 114.21477486786328],[30.72777794069966, 114.21432241078419]
[30.728088827584667, 114.21473078876944],[30.728309223053856, 114.21518324584855],[30.728218731638037, 114.21522732494239],[30.72799833616885, 114.21477486786328]
[30.728309223053856, 114.21518324584855],[30.728457234380883, 114.2154871031508],[30.728366742965065, 114.21553118224465],[30.728218731638037, 114.21522732494239]
[30.728457234380883, 114.2154871031508],[30.72860524570791, 114.21579096045308],[30.728514754292092, 114.21583503954692],[30.728366742965065, 114.21553118224465]
[30.72860026246461, 114.21578280315154],[30.728636262464608, 114.21583080315155],[30.72855573753539, 114.21589119684846],[30.728519737535393, 114.21584319684845]
[30.72864136651344, 114.21583921020489],[30.728859264464532, 114.21629287533929],[30.72876853143765, 114.21633645492952],[30.72855063348656, 114.21588278979512]
[30.728859264464532, 114.21629287533929],[30.729077162415624, 114.2167465404737],[30.728986429388744, 114.21679012006392],[30.72876853143765, 114.21633645492952]
[30.729077162415624, 114.2167465404737],[30.72926776446453, 114.21714337533929],[30.72917703143765, 114.21718695492952],[30.728986429388744, 114.21679012006392]
[30.72926776446453, 114.21714337533929],[30.72945836651344, 114.21754021020489],[30.72936763348656, 114.21758378979511],[30.72917703143765, 114.21718695492952]
[30.729458473840722, 114.21754043508585],[30.72950447384072, 114.21763743508585],[30.729413526159277, 114.21768056491415],[30.72936752615928, 114.21758356491415]
[30.729504088924998, 114.21763664145455],[30.729727674379554, 114.21808753070455],[30.729637496529556, 114.21813224779545],[30.729413911075, 114.21768135854545]
[30.729727674379554, 114.21808753070455],[30.72995125983411, 114.21853841995456],[30.72986108198411, 114.21858313704546],[30.729637496529556, 114.21813224779545]
[30.729951259834113, 114.21853841995456],[30.73017484528867, 114.21898930920457],[30.730084667438664, 114.21903402629547],[30.729861081984108, 114.21858313704546]
[30.730174845288666, 114.21898930920457],[30.730398430743225, 114.21944019845458],[30.730308252893227, 114.21948491554548],[30.730084667438668, 114.21903402629547]
[30.730398430743225, 114.21944019845458],[30.73062201619778, 114.21989108770458],[30.730531838347783, 114.21993580479548],[30.730308252893227, 114.21948491554548]
[30.730622016197785, 114.21989108770458],[30.730754552561393, 114.22015836457958],[30.730664374711388, 114.22020308167048],[30.73053183834778, 114.21993580479548]
[30.73075455256139, 114.22015836457958],[30.730887088924998, 114.22042564145455],[30.730796911075, 114.22047035854546],[30.73066437471139, 114.22020308167048]
